{"cameraMode":{"drawMode":0,"name":"Shaded","section":"Shading Mode"},"sceneLighting":true,"audioPlay":false,"sceneViewState":{"showFog":true,"showMaterialUpdate":true,"showSkybox":true,"showFlares":true,"showImageEffects":true,"showParticleSystems":true},"in2DMode":false,"pivot":{"x":3.53463077545166,"y":1.6905229091644288,"z":-0.92813640832901},"rotation":{"x":-0.08738917857408524,"y":0.6983615159988403,"z":-0.08655378967523575,"w":-0.7050994634628296},"size":8.374961853027344,"orthographic":false}