{"cameraMode":{"drawMode":0,"name":"Shaded","section":"Shading Mode"},"sceneLighting":true,"audioPlay":false,"sceneViewState":{"showFog":true,"showMaterialUpdate":true,"showSkybox":true,"showFlares":true,"showImageEffects":true,"showParticleSystems":true},"in2DMode":false,"pivot":{"x":4.213966369628906,"y":0.1967754364013672,"z":4.505699157714844},"rotation":{"x":-0.10811292380094528,"y":0.7107393145561218,"z":-0.11200913041830063,"w":-0.6860156655311585},"size":10.823836326599121,"orthographic":false}