{"cameraMode":{"drawMode":0,"name":"Shaded","section":"Shading Mode"},"sceneLighting":true,"audioPlay":false,"sceneViewState":{"showFog":true,"showMaterialUpdate":true,"showSkybox":true,"showFlares":true,"showImageEffects":true,"showParticleSystems":true},"in2DMode":false,"pivot":{"x":3.505322217941284,"y":1.8430769443511963,"z":0.018594594672322274},"rotation":{"x":-0.08738917857408524,"y":0.6983615159988403,"z":-0.08655378967523575,"w":-0.7050994634628296},"size":1.9919763803482056,"orthographic":false}